{"cameraMode":{"drawMode":0,"name":"Shaded","section":"Shading Mode"},"sceneLighting":false,"audioPlay":false,"sceneViewState":{"showFog":true,"showMaterialUpdate":false,"showSkybox":true,"showFlares":true,"showImageEffects":true,"showParticleSystems":true},"in2DMode":false,"pivot":{"x":40.116065979003909,"y":165.20001220703126,"z":-106.2657470703125},"rotation":{"x":-0.23495858907699586,"y":-0.14717325568199159,"z":0.036015789955854419,"w":-0.9601236581802368},"size":35.158050537109378,"orthographic":false}