{"cameraMode":{"drawMode":0,"name":"Shaded","section":"Shading Mode"},"sceneLighting":false,"audioPlay":false,"sceneViewState":{"showFog":true,"showMaterialUpdate":false,"showSkybox":true,"showFlares":true,"showImageEffects":true,"showParticleSystems":true},"in2DMode":false,"pivot":{"x":1.0991315841674805,"y":-2.1188478469848635,"z":-0.11568641662597656},"rotation":{"x":-0.03342314437031746,"y":0.9661082029342651,"z":-0.19564887881278993,"w":-0.16504372656345368},"size":29.815988540649415,"orthographic":false}