{"cameraMode":{"drawMode":0,"name":"Shaded","section":"Shading Mode"},"sceneLighting":false,"audioPlay":false,"sceneViewState":{"showFog":true,"showMaterialUpdate":false,"showSkybox":true,"showFlares":true,"showImageEffects":true,"showParticleSystems":true},"in2DMode":false,"pivot":{"x":28.025936126708986,"y":0.26932525634765627,"z":32.154937744140628},"rotation":{"x":-0.07320728898048401,"y":-0.8110009431838989,"z":0.10396669059991837,"w":-0.5710597634315491},"size":51.130245208740237,"orthographic":false}