{"cameraMode":{"drawMode":0,"name":"Shaded","section":"Shading Mode"},"sceneLighting":false,"audioPlay":false,"sceneViewState":{"showFog":true,"showMaterialUpdate":false,"showSkybox":true,"showFlares":true,"showImageEffects":true,"showParticleSystems":true},"in2DMode":false,"pivot":{"x":-0.7868976593017578,"y":-2.517068862915039,"z":0.7264060974121094},"rotation":{"x":-0.03342314437031746,"y":0.9661082029342651,"z":-0.19564887881278993,"w":-0.16504372656345368},"size":21.03916358947754,"orthographic":false}