{"cameraMode":{"drawMode":0,"name":"Shaded","section":"Shading Mode"},"sceneLighting":false,"audioPlay":false,"sceneViewState":{"showFog":true,"showMaterialUpdate":false,"showSkybox":true,"showFlares":true,"showImageEffects":true,"showParticleSystems":true},"in2DMode":false,"pivot":{"x":-5.177465915679932,"y":7.5543060302734379,"z":23.271129608154298},"rotation":{"x":0.20260532200336457,"y":0.11659915000200272,"z":-0.024304402992129327,"w":0.9719902873039246},"size":30.031442642211915,"orthographic":false}