{"cameraMode":{"drawMode":0,"name":"Shaded","section":"Shading Mode"},"sceneLighting":false,"audioPlay":false,"sceneViewState":{"showFog":true,"showMaterialUpdate":false,"showSkybox":true,"showFlares":true,"showImageEffects":true,"showParticleSystems":true},"in2DMode":false,"pivot":{"x":33.35283660888672,"y":97.22542572021485,"z":-112.86212158203125},"rotation":{"x":-0.15454621613025666,"y":-0.16864721477031709,"z":0.026783833280205728,"w":-0.9731168150901794},"size":438.2125549316406,"orthographic":false}