{"cameraMode":{"drawMode":0,"name":"Shaded","section":"Shading Mode"},"sceneLighting":false,"audioPlay":false,"sceneViewState":{"showFog":true,"showMaterialUpdate":false,"showSkybox":true,"showFlares":true,"showImageEffects":true,"showParticleSystems":true},"in2DMode":false,"pivot":{"x":22.41080093383789,"y":-8.90679931640625,"z":52.66114807128906},"rotation":{"x":-0.2586025595664978,"y":-0.47614559531211855,"z":0.14885488152503968,"w":-0.8271955251693726},"size":35.225929260253909,"orthographic":false}