{"cameraMode":{"drawMode":0,"name":"Shaded","section":"Shading Mode"},"sceneLighting":false,"audioPlay":false,"sceneViewState":{"showFog":false,"showMaterialUpdate":false,"showSkybox":false,"showFlares":false,"showImageEffects":false,"showParticleSystems":false},"in2DMode":false,"pivot":{"x":135.49609375,"y":-2220.516845703125,"z":-31.442291259765626},"rotation":{"x":-0.08354683965444565,"y":-0.9093541502952576,"z":0.2225475311279297,"w":-0.34141993522644045},"size":35.61443328857422,"orthographic":false}