{"cameraMode":{"drawMode":0,"name":"Shaded","section":"Shading Mode"},"sceneLighting":true,"audioPlay":false,"sceneViewState":{"showFog":true,"showMaterialUpdate":false,"showSkybox":true,"showFlares":true,"showImageEffects":true,"showParticleSystems":true},"in2DMode":false,"pivot":{"x":8.114830017089844,"y":65.7250747680664,"z":-18.658363342285158},"rotation":{"x":0.40445148944854739,"y":-0.2124546468257904,"z":0.09717994928359986,"w":0.8842160701751709},"size":31.228195190429689,"orthographic":false}