{"cameraMode":{"drawMode":0,"name":"Shaded","section":"Shading Mode"},"sceneLighting":false,"audioPlay":false,"sceneViewState":{"showFog":true,"showMaterialUpdate":false,"showSkybox":true,"showFlares":true,"showImageEffects":true,"showParticleSystems":true},"in2DMode":false,"pivot":{"x":-9.267959594726563,"y":-16.981399536132814,"z":21.922916412353517},"rotation":{"x":-0.12457085400819779,"y":0.8753799200057983,"z":-0.32531508803367617,"w":-0.33520475029945376},"size":98.74910736083985,"orthographic":false}