{"cameraMode":{"drawMode":0,"name":"Shaded","section":"Shading Mode"},"sceneLighting":false,"audioPlay":false,"sceneViewState":{"showFog":true,"showMaterialUpdate":false,"showSkybox":true,"showFlares":true,"showImageEffects":true,"showParticleSystems":true},"in2DMode":false,"pivot":{"x":78.89803314208985,"y":156.30039978027345,"z":102.42359161376953},"rotation":{"x":0.2927640676498413,"y":0.22470423579216004,"z":-0.07098951935768128,"w":0.9266918301582336},"size":29.788925170898439,"orthographic":false}