{"cameraMode":{"drawMode":0,"name":"Shaded","section":"Shading Mode"},"sceneLighting":false,"audioPlay":false,"sceneViewState":{"showFog":true,"showMaterialUpdate":false,"showSkybox":true,"showFlares":true,"showImageEffects":true,"showParticleSystems":true},"in2DMode":false,"pivot":{"x":26.608753204345704,"y":-8.38376235961914,"z":27.56661605834961},"rotation":{"x":-0.1819816529750824,"y":-0.7468681931495667,"z":0.22735610604286195,"w":-0.5978124737739563},"size":134.4095458984375,"orthographic":false}