{"cameraMode":{"drawMode":0,"name":"Shaded","section":"Shading Mode"},"sceneLighting":false,"audioPlay":false,"sceneViewState":{"showFog":true,"showMaterialUpdate":false,"showSkybox":true,"showFlares":true,"showImageEffects":true,"showParticleSystems":true},"in2DMode":false,"pivot":{"x":26.3582763671875,"y":-8.80263900756836,"z":42.730628967285159},"rotation":{"x":-0.23149916529655457,"y":-0.5980475544929504,"z":0.18598027527332307,"w":-0.7444183826446533},"size":42.19902801513672,"orthographic":false}