{"cameraMode":{"drawMode":0,"name":"Shaded","section":"Shading Mode"},"sceneLighting":false,"audioPlay":false,"sceneViewState":{"showFog":true,"showMaterialUpdate":false,"showSkybox":true,"showFlares":true,"showImageEffects":true,"showParticleSystems":true},"in2DMode":false,"pivot":{"x":-6.411297798156738,"y":1.0424237251281739,"z":4.4451375007629398},"rotation":{"x":0.17913085222244264,"y":-0.5190767049789429,"z":0.11226347088813782,"w":0.8281717300415039},"size":22.52675437927246,"orthographic":false}