{"cameraMode":{"drawMode":0,"name":"Shaded","section":"Shading Mode"},"sceneLighting":false,"audioPlay":false,"sceneViewState":{"showFog":true,"showMaterialUpdate":false,"showSkybox":true,"showFlares":true,"showImageEffects":true,"showParticleSystems":true},"in2DMode":false,"pivot":{"x":11.746000289916993,"y":0.0,"z":41.70000076293945},"rotation":{"x":-0.13717694580554963,"y":0.8535647392272949,"z":-0.28096920251846316,"w":-0.41673269867897036},"size":33.03374481201172,"orthographic":false}