{"cameraMode":{"drawMode":0,"name":"Shaded","section":"Shading Mode"},"sceneLighting":false,"audioPlay":false,"sceneViewState":{"showFog":true,"showMaterialUpdate":false,"showSkybox":true,"showFlares":true,"showImageEffects":true,"showParticleSystems":true},"in2DMode":false,"pivot":{"x":42.560001373291019,"y":80.02999877929688,"z":-79.0},"rotation":{"x":-0.17212681472301484,"y":0.16523367166519166,"z":-0.029302125796675683,"w":-0.9706758260726929},"size":17.22269058227539,"orthographic":true}