{"cameraMode":{"drawMode":0,"name":"Shaded","section":"Shading Mode"},"sceneLighting":false,"audioPlay":false,"sceneViewState":{"showFog":true,"showMaterialUpdate":false,"showSkybox":true,"showFlares":true,"showImageEffects":true,"showParticleSystems":true},"in2DMode":false,"pivot":{"x":108.72757720947266,"y":125.92467498779297,"z":-27.273170471191408},"rotation":{"x":-0.02860364504158497,"y":-0.9245659708976746,"z":0.07087431848049164,"w":-0.37327805161476138},"size":44.01348114013672,"orthographic":true}