{"cameraMode":{"drawMode":0,"name":"Shaded","section":"Shading Mode"},"sceneLighting":false,"audioPlay":false,"sceneViewState":{"showFog":true,"showMaterialUpdate":false,"showSkybox":true,"showFlares":true,"showImageEffects":true,"showParticleSystems":true},"in2DMode":false,"pivot":{"x":-0.9943561553955078,"y":21.217994689941408,"z":32.56161880493164},"rotation":{"x":-0.13717694580554963,"y":0.8535647392272949,"z":-0.28096920251846316,"w":-0.41673269867897036},"size":566.107421875,"orthographic":false}