{"cameraMode":{"drawMode":0,"name":"Shaded","section":"Shading Mode"},"sceneLighting":false,"audioPlay":false,"sceneViewState":{"showFog":true,"showMaterialUpdate":false,"showSkybox":true,"showFlares":true,"showImageEffects":true,"showParticleSystems":true},"in2DMode":false,"pivot":{"x":9.118062973022461,"y":6.901050567626953,"z":45.17863082885742},"rotation":{"x":-0.24007664620876313,"y":0.7598718404769898,"z":-0.42205336689949038,"w":-0.4322371780872345},"size":56.15147018432617,"orthographic":false}