{"cameraMode":{"drawMode":0,"name":"Shaded","section":"Shading Mode"},"sceneLighting":false,"audioPlay":false,"sceneViewState":{"showFog":true,"showMaterialUpdate":false,"showSkybox":true,"showFlares":true,"showImageEffects":true,"showParticleSystems":true},"in2DMode":false,"pivot":{"x":108.72757720947266,"y":125.92467498779297,"z":-27.273170471191408},"rotation":{"x":-0.06759630143642426,"y":-0.43021541833877566,"z":0.03233722224831581,"w":-0.8996108770370483},"size":27.17143440246582,"orthographic":true}