{"cameraMode":{"drawMode":0,"name":"Shaded","section":"Shading Mode"},"sceneLighting":true,"audioPlay":false,"sceneViewState":{"showFog":false,"showMaterialUpdate":false,"showSkybox":false,"showFlares":false,"showImageEffects":false,"showParticleSystems":false},"in2DMode":false,"pivot":{"x":9.083020210266114,"y":14.864557266235352,"z":17.999267578125},"rotation":{"x":0.30424031615257265,"y":-0.08791764825582504,"z":0.028202945366501809,"w":0.9481101632118225},"size":47.05536651611328,"orthographic":false}